vercel;next.js
tailwindcss;tailwindcss
react-hook-form;react-hook-form
directus;directus
vercel;vercel
prisma;prisma
ImageMagick;ImageMagick
adonisjs;core
livewire;livewire
tannerlinsley;react-query
laravel;framework
alpinejs;alpine
tannerlinsley;react-table
aws-amplify;amplify-js
fastlane;fastlane
react-spring;react-three-fiber
davidkpiano;xstate
ionic-team;capacitor
parcel-bundler;parcel
twbs;bootstrap
concourse;concourse
vercel;swr
spatie;laravel-medialibrary
google;jax
scrumpy;tiptap
nlohmann;json
storybookjs;storybook
dotnet;maui
apollographql;apollo-client
eclipse-theia;theia
facebook;create-react-app
nuxt;nuxt.js
dotnet;runtime
outline;outline
react-spring;react-spring
blitz-js;blitz
clap-rs;clap
dotnet;roslyn
dotansimha;graphql-code-generator
linkerd;linkerd2
facebook;docusaurus
babel;babel
starship;starship
PrefectHQ;prefect
rabbitmq;rabbitmq-server
vuetifyjs;vuetify
cake-build;cake
apache;couchdb
qutebrowser;qutebrowser
edgedb;edgedb
meilisearch;MeiliSearch
codesandbox;codesandbox-client
SixLabors;ImageSharp
containrrr;watchtower
formik;formik
spatie;laravel-backup
tokio-rs;tokio
goreleaser;goreleaser
ansible-community;molecule
system-ui;theme-ui
keystonejs;keystone
containerd;containerd
BurntSushi;ripgrep
xamarin;Xamarin.Forms
spatie;laravel-activitylog
beakerbrowser;beaker
date-fns;date-fns
ruffle-rs;ruffle
apollographql;apollo-server
gulpjs;gulp
slatedocs;slate
spatie;laravel-query-builder
trailofbits;algo
ardatan;graphql-tools
react-static;react-static
Eugeny;terminus
gitextensions;gitextensions
react-spring;zustand
fastify;fastify
badges;shields
algolia;instantsearch.js
libgit2;libgit2
prestodb;presto
dotnet;winforms
dracula;dracula-theme
graphql;graphiql
crate;crate
probot;probot
gomods;athens
chocolatey;choco
cdnjs;cdnjs
octokit;octokit.rb